<?xml version="1.0" encoding="UTF-8"?>
<!DOCTYPE fontscolors PUBLIC "-//NetBeans//DTD Editor Fonts and Colors settings 1.2//EN" "https://netbeans.apache.org/dtds/EditorFontsColors-1_2.dtd">
<fontscolors>
    <fontcolor foreColor="pink" name="OtherThread"/>
    <fontcolor name="org-netbeans-modules-gsf-testrunner-runnable-test-annotation"/>
    <fontcolor foreColor="pink" name="OtherThreads"/>
    <fontcolor name="org-netbeans-modules-jakarta-web-beans-annotations-observer"/>
    <fontcolor name="org-netbeans-modules-jakarta-web-beans-annotations-delegate-point"/>
    <fontcolor name="PinnedWatch"/>
    <fontcolor name="org-netbeans-modules-jakarta-web-beans-annotations-event"/>
    <fontcolor name="org-netbeans-modules-jakarta-web-beans-annotations-injection-point"/>
    <fontcolor name="org-netbeans-modules-jakarta-web-beans-annotations-decorated-bean"/>
</fontscolors>
