<?xml version="1.0" encoding="UTF-8"?>
<!DOCTYPE fontscolors PUBLIC "-//NetBeans//DTD Editor Fonts and Colors settings 1.2//EN" "https://netbeans.apache.org/dtds/EditorFontsColors-1_2.dtd">
<fontscolors>
    <fontcolor foreColor="ffcccccc" name="code-folding-border"/>
    <fontcolor name="west-sidebars-color"/>
    <fontcolor bgColor="ff404e51" name="selection"/>
    <fontcolor bgColor="ff000f05" name="highlight-caret-row"/>
    <fontcolor bgColor="white" foreColor="white" name="nbeditor-bracesMatching-match-multichar">
        <font style="bold"/>
    </fontcolor>
    <fontcolor foreColor="lightGray" name="code-folding-bar"/>
</fontscolors>
